{
    "loss": 1.5894595384597778,
    "accuracy": 0.8545536994934082
}