{
    "loss": 0.9870470762252808,
    "accuracy": 0.8654282093048096
}