{
    "loss": 0.20767833292484283,
    "accuracy": 0.9568345546722412
}